sample	rep	fastq_r1
HP1aGFP-het-3LW-wing-CnR-gfp-pel	rep1	/proj/mckaylab/HTSF/220214_UNC51-VH00562_31_AAAWH2FM5/U86_Het_Roc_P1-HP1aGFPhet_3LW_F_wing_CnR_Rock_rep1_pel_GAACCGCG-TGACCTTA_S37_L001_R1_001.fastq.gz
HP1aGFP-het-3LW-wing-CnR-gfp-sup	rep1	/proj/mckaylab/HTSF/220214_UNC51-VH00562_31_AAAWH2FM5/U85_Het_Roc_S1-HP1aGFPhet_3LW_F_wing_CnR_Rock_rep1_sup_AGGTTATA-CAGTTCCG_S36_L001_R1_001.fastq.gz
HP1aGFP-3LW-wing-CnR-gfp-pel	rep1	/proj/mckaylab/HTSF/220214_UNC51-VH00562_31_AAAWH2FM5/U88_Hom_Roc_P1-HP1aGFPhom_3LW_F_wing_CnR_Rock_rep1_pel_TCTGTTGG-TCGAATGG_S39_L001_R1_001.fastq.gz
HP1aGFP-3LW-wing-CnR-gfp-sup	rep1	/proj/mckaylab/HTSF/220214_UNC51-VH00562_31_AAAWH2FM5/U87_Hom_Roc_S1-HP1aGFPhom_3LW_F_wing_CnR_Rock_rep1_sup_CTCACCAA-CTAGGCAA_S38_L001_R1_001.fastq.gz
HP1aGFP-3LW-wing-CnR-gfp-pel	rep2	/proj/mckaylab/HTSF/220214_UNC51-VH00562_31_AAAWH2FM5/U90_Hom_Roc_P2-HP1aGFPhom_3LW_F_wing_CnR_Rock_rep2_pel_CGCTATGT-TCCGACAC_S42_L001_R1_001.fastq.gz
HP1aGFP-3LW-wing-CnR-gfp-sup	rep2	/proj/mckaylab/HTSF/220214_UNC51-VH00562_31_AAAWH2FM5/U89_Hom_Roc_S2-HP1aGFPhom_3LW_F_wing_CnR_Rock_rep2_sup_TATCGCAC-CTTAGTGT_S40_L001_R1_001.fastq.gz
yw-3LW-wing-CnR-gfp-pel	rep1	/proj/mckaylab/HTSF/220214_UNC51-VH00562_31_AAAWH2FM5/U92_Yw_Roc_P1-Yw_3LW_F_wing_CnR_Rock_rep1_pel_ACGCACCT-GGTGAAGG_S43_L001_R1_001.fastq.gz
yw-3LW-wing-CnR-gfp-pel	rep2	/proj/mckaylab/HTSF/220214_UNC51-VH00562_31_AAAWH2FM5/U94_Yw_Roc_P2-Yw_3LW_F_wing_CnR_Rock_rep2_pel_CGTCTGCG-TTCACAAT_S44_L001_R1_001.fastq.gz
hp1chromo-3LW-wing-HP1a-sup	rep1	/proj/droniolb/HTSF/210128_UNC32-K00270_0273_AHKNLFBBXY/HP1A2LWWDREP3SUP-23_CAAGCTAG-ACATAGCG_S57_L008_R1_001.fastq.gz
hwt-3LW-wing-HP1a-sup	rep1	/proj/droniolb/HTSF/210128_UNC32-K00270_0273_AHKNLFBBXY/HWT3LWWDREP3SUP-24_AGTTCAGG-CCAACAGA_S63_L008_R1_001.fastq.gz
k9r-3LW-wing-HP1a-sup	rep1	/proj/droniolb/HTSF/210128_UNC32-K00270_0273_AHKNLFBBXY/K9R3LWWDREP3SUP-25_TCTCTACT-CGCGGTTC_S69_L008_R1_001.fastq.gz
hp1control-3LW-wing-HP1a-sup	rep1	/proj/droniolb/HTSF/210128_UNC32-K00270_0273_AHKNLFBBXY/YWDF3LWWDREP3SUP-22_ACTCGTGT-ATTGGAAC_S81_L008_R1_001.fastq.gz
hp1control-3LW-wing-HP1a-sup	rep2	/proj/droniolb/HTSF/210615_UNC31-K00269_0299_BHLFTYBBXY/U39_Df_C1a9_S1-ywdf-3LW-F-wing-CnR-C1a9-rep1-sup_TAAGTGGT-CTTAAGCC_S14_L007_R1_001.fastq.gz
hp1control-3LW-wing-HP1a-sup	rep3	/proj/droniolb/HTSF/210615_UNC31-K00269_0299_BHLFTYBBXY/U47_YwDf_C1a9_S2-ywdf-3LW-F-wing-CnR-C1a9-rep2-sup_GTTCCAAT-AATTCTGC_S22_L007_R1_001.fastq.gz
hwt-3LW-wing-HP1a-sup	rep2	/proj/droniolb/HTSF/220317_UNC51-VH00562_38_AAATNYNM5/C1A9_CnR_U53-hwt-3LWF-wing-rep1-sup_CAACAATG-CTTCACGG_S5_L001_R1_001.fastq.gz
k9r-3LW-wing-HP1a-sup	rep2	/proj/droniolb/HTSF/220317_UNC51-VH00562_38_AAATNYNM5/C1A9_CnR_U55-k9r-3LWF-wing-rep1-sup_AGGCAGAG-AGAATGCC_S7_L001_R1_001.fastq.gz
hp1control-3LW-wing-HP1a-sup	rep4	/proj/droniolb/HTSF/220317_UNC51-VH00562_38_AAATNYNM5/C1A9_CnR_U57-ywdf-3LWF-wing-rep2-sup_TGCGGCGT-CCTCGGTA_S9_L001_R1_001.fastq.gz
hp1chromo-3LW-wing-HP1a-sup	rep2	/proj/droniolb/HTSF/220317_UNC51-VH00562_38_AAATNYNM5/C1A9_CnR_U59-a2df-3LWF-wing-rep2-sup_GATCTATC-ATGAGGCT_S11_L001_R1_001.fastq.gz
hwt-3LW-wing-HP1a-sup	rep3	/proj/droniolb/HTSF/220317_UNC51-VH00562_38_AAATNYNM5/C1A9_CnR_U61-hwt-3LWF-wing-rep2-sup_CGGAACTG-CACTACGA_S13_L001_R1_001.fastq.gz
k9r-3LW-wing-HP1a-sup	rep3	/proj/droniolb/HTSF/220317_UNC51-VH00562_38_AAATNYNM5/C1A9_CnR_U63-k9r-3LWF-wing-rep2-sup_TTGCCTAG-ACCACTTA_S15_L001_R1_001.fastq.gz
hp1control-3LW-wing-HP1a-sup	rep5	/proj/droniolb/HTSF/220317_UNC51-VH00562_38_AAATNYNM5/C1A9_CnR_U65-ywdf-3LWF-wing-rep3-sup_ACACTAAG-ATCCATAT_S17_L001_R1_001.fastq.gz
hp1chromo-3LW-wing-HP1a-sup	rep3	/proj/droniolb/HTSF/220317_UNC51-VH00562_38_AAATNYNM5/C1A9_CnR_U67-a2df-3LWF-wing-rep3-sup_TTCCTGTT-AGTATCTT_S19_L001_R1_001.fastq.gz
hwt-3LW-wing-HP1a-sup	rep4	/proj/droniolb/HTSF/220317_UNC51-VH00562_38_AAATNYNM5/C1A9_CnR_U69-hwt-3LWF-wing-rep3-sup_GCCACAGG-CATGCCAT_S21_L001_R1_001.fastq.gz
hwt-3LW-wing-HP1a-sup	rep5	/proj/droniolb/HTSF/220317_UNC51-VH00562_38_AAATNYNM5/C1A9_CnR_U85-hwt-3LWF-wing-rep4-sup_AGGTTATA-CAGTTCCG_S25_L001_R1_001.fastq.gz